,id,age,sex,trestbps,chol,fbs,thalch,exang,oldpeak,ca,num,disease_present
count,920.0,920.0,920.0,861.0,890.0,830.0,865.0,865.0,858.0,309.0,920.0,920.0
mean,460.5,53.51086956521739,0.7891304347826087,132.13240418118468,199.13033707865168,0.16626506024096385,137.5456647398844,0.3895953757225434,0.8787878787878788,0.6763754045307443,0.9956521739130435,0.5532608695652174
std,265.72542219366215,9.424685209576857,0.4081478432714873,19.066069518587476,110.7808103532305,0.3725428897301309,25.926276492797594,0.48794063464888254,1.0912262483465298,0.935653012559987,1.142693403338037,0.4974256003131559
min,1.0,28.0,0.0,0.0,0.0,0.0,60.0,0.0,-2.6,0.0,0.0,0.0
25%,230.75,47.0,1.0,120.0,175.0,0.0,120.0,0.0,0.0,0.0,0.0,0.0
50%,460.5,54.0,1.0,130.0,223.0,0.0,140.0,0.0,0.5,0.0,1.0,1.0
75%,690.25,60.0,1.0,140.0,268.0,0.0,157.0,1.0,1.5,1.0,2.0,1.0
max,920.0,77.0,1.0,200.0,603.0,1.0,202.0,1.0,6.2,3.0,4.0,1.0
