,chol,trestbps,fbs,disease_present
chol,1.0,0.09285323339981749,0.024846890715927623,-0.2305830782306154
trestbps,0.09285323339981749,1.0,0.16023485660194733,0.10623277337276105
fbs,0.024846890715927623,0.16023485660194733,1.0,0.142564587337977
disease_present,-0.2305830782306154,0.10623277337276105,0.142564587337977,1.0
